{
    "symbol_to_id": {
        "pad": 0,
        "sil": 1,
        "N": 2,
        "a": 3,
        "b": 4,
        "by": 5,
        "ch": 6,
        "cl": 7,
        "d": 8,
        "dy": 9,
        "e": 10,
        "f": 11,
        "g": 12,
        "gy": 13,
        "h": 14,
        "hy": 15,
        "i": 16,
        "j": 17,
        "k": 18,
        "ky": 19,
        "m": 20,
        "my": 21,
        "n": 22,
        "ny": 23,
        "o": 24,
        "p": 25,
        "pau": 26,
        "py": 27,
        "r": 28,
        "ry": 29,
        "s": 30,
        "sh": 31,
        "t": 32,
        "ts": 33,
        "u": 34,
        "v": 35,
        "w": 36,
        "y": 37,
        "z": 38,
        "eos": 39
    },
    "id_to_symbol": {
        "0": "pad",
        "1": "sil",
        "2": "N",
        "3": "a",
        "4": "b",
        "5": "by",
        "6": "ch",
        "7": "cl",
        "8": "d",
        "9": "dy",
        "10": "e",
        "11": "f",
        "12": "g",
        "13": "gy",
        "14": "h",
        "15": "hy",
        "16": "i",
        "17": "j",
        "18": "k",
        "19": "ky",
        "20": "m",
        "21": "my",
        "22": "n",
        "23": "ny",
        "24": "o",
        "25": "p",
        "26": "pau",
        "27": "py",
        "28": "r",
        "29": "ry",
        "30": "s",
        "31": "sh",
        "32": "t",
        "33": "ts",
        "34": "u",
        "35": "v",
        "36": "w",
        "37": "y",
        "38": "z",
        "39": "eos"
    },
    "speakers_map": {
        "jsut": 0
    },
    "processor_name": "JSUTProcessor"
}