{"symbol_to_id": {"@<pad>": 0, "@<unk>": 1, "@<s>": 2, "@</s>": 3, "@AA0": 4, "@AA1": 5, "@AA2": 6, "@AE0": 7, "@AE1": 8, "@AE2": 9, "@AH0": 10, "@AH1": 11, "@AH2": 12, "@AO0": 13, "@AO1": 14, "@AO2": 15, "@AW0": 16, "@AW1": 17, "@AW2": 18, "@AY0": 19, "@AY1": 20, "@AY2": 21, "@B": 22, "@CH": 23, "@D": 24, "@DH": 25, "@EH0": 26, "@EH1": 27, "@EH2": 28, "@ER0": 29, "@ER1": 30, "@ER2": 31, "@EY0": 32, "@EY1": 33, "@EY2": 34, "@F": 35, "@G": 36, "@HH": 37, "@IH0": 38, "@IH1": 39, "@IH2": 40, "@IY0": 41, "@IY1": 42, "@IY2": 43, "@JH": 44, "@K": 45, "@L": 46, "@M": 47, "@N": 48, "@NG": 49, "@OW0": 50, "@OW1": 51, "@OW2": 52, "@OY0": 53, "@OY1": 54, "@OY2": 55, "@P": 56, "@R": 57, "@S": 58, "@SH": 59, "@T": 60, "@TH": 61, "@UH0": 62, "@UH1": 63, "@UH2": 64, "@UW": 65, "@UW0": 66, "@UW1": 67, "@UW2": 68, "@V": 69, "@W": 70, "@Y": 71, "@Z": 72, "@ZH": 73, "@SIL": 74, "@END": 75, "!": 76, "'": 77, "(": 78, ")": 79, ",": 80, ".": 81, ":": 82, ";": 83, "?": 84, " ": 85}, "id_to_symbol": {"0": "@<pad>", "1": "@<unk>", "2": "@<s>", "3": "@</s>", "4": "@AA0", "5": "@AA1", "6": "@AA2", "7": "@AE0", "8": "@AE1", "9": "@AE2", "10": "@AH0", "11": "@AH1", "12": "@AH2", "13": "@AO0", "14": "@AO1", "15": "@AO2", "16": "@AW0", "17": "@AW1", "18": "@AW2", "19": "@AY0", "20": "@AY1", "21": "@AY2", "22": "@B", "23": "@CH", "24": "@D", "25": "@DH", "26": "@EH0", "27": "@EH1", "28": "@EH2", "29": "@ER0", "30": "@ER1", "31": "@ER2", "32": "@EY0", "33": "@EY1", "34": "@EY2", "35": "@F", "36": "@G", "37": "@HH", "38": "@IH0", "39": "@IH1", "40": "@IH2", "41": "@IY0", "42": "@IY1", "43": "@IY2", "44": "@JH", "45": "@K", "46": "@L", "47": "@M", "48": "@N", "49": "@NG", "50": "@OW0", "51": "@OW1", "52": "@OW2", "53": "@OY0", "54": "@OY1", "55": "@OY2", "56": "@P", "57": "@R", "58": "@S", "59": "@SH", "60": "@T", "61": "@TH", "62": "@UH0", "63": "@UH1", "64": "@UH2", "65": "@UW", "66": "@UW0", "67": "@UW1", "68": "@UW2", "69": "@V", "70": "@W", "71": "@Y", "72": "@Z", "73": "@ZH", "74": "@SIL", "75": "@END", "76": "!", "77": "'", "78": "(", "79": ")", "80": ",", "81": ".", "82": ":", "83": ";", "84": "?", "85": " "}, "speakers_map": {"200": 0, "1841": 1, "3664": 2, "6454": 3, "8108": 4, "2416": 5, "4680": 6, "6147": 7, "412": 8, "2952": 9, "8838": 10, "2836": 11, "1263": 12, "5322": 13, "3830": 14, "7447": 15, "1116": 16, "8312": 17, "8123": 18, "250": 19}, "processor_name": "LibriTTSProcessor"}