{"symbol_to_id": {"pad": 0, "-": 1, "!": 2, "'": 3, "(": 4, ")": 5, ",": 6, ".": 7, ":": 8, ";": 9, "?": 10, "@AA": 11, "@AA0": 12, "@AA1": 13, "@AA2": 14, "@AE": 15, "@AE0": 16, "@AE1": 17, "@AE2": 18, "@AH": 19, "@AH0": 20, "@AH1": 21, "@AH2": 22, "@AO": 23, "@AO0": 24, "@AO1": 25, "@AO2": 26, "@AW": 27, "@AW0": 28, "@AW1": 29, "@AW2": 30, "@AY": 31, "@AY0": 32, "@AY1": 33, "@AY2": 34, "@B": 35, "@CH": 36, "@D": 37, "@DH": 38, "@EH": 39, "@EH0": 40, "@EH1": 41, "@EH2": 42, "@ER": 43, "@ER0": 44, "@ER1": 45, "@ER2": 46, "@EY": 47, "@EY0": 48, "@EY1": 49, "@EY2": 50, "@F": 51, "@G": 52, "@HH": 53, "@IH": 54, "@IH0": 55, "@IH1": 56, "@IH2": 57, "@IY": 58, "@IY0": 59, "@IY1": 60, "@IY2": 61, "@JH": 62, "@K": 63, "@L": 64, "@M": 65, "@N": 66, "@NG": 67, "@OW": 68, "@OW0": 69, "@OW1": 70, "@OW2": 71, "@OY": 72, "@OY0": 73, "@OY1": 74, "@OY2": 75, "@P": 76, "@R": 77, "@S": 78, "@SH": 79, "@T": 80, "@TH": 81, "@UH": 82, "@UH0": 83, "@UH1": 84, "@UH2": 85, "@UW": 86, "@UW0": 87, "@UW1": 88, "@UW2": 89, "@V": 90, "@W": 91, "@Y": 92, "@Z": 93, "@ZH": 94, "eos": 95}, "id_to_symbol": {"0": "pad", "1": "-", "2": "!", "3": "'", "4": "(", "5": ")", "6": ",", "7": ".", "8": ":", "9": ";", "10": "?", "11": "@AA", "12": "@AA0", "13": "@AA1", "14": "@AA2", "15": "@AE", "16": "@AE0", "17": "@AE1", "18": "@AE2", "19": "@AH", "20": "@AH0", "21": "@AH1", "22": "@AH2", "23": "@AO", "24": "@AO0", "25": "@AO1", "26": "@AO2", "27": "@AW", "28": "@AW0", "29": "@AW1", "30": "@AW2", "31": "@AY", "32": "@AY0", "33": "@AY1", "34": "@AY2", "35": "@B", "36": "@CH", "37": "@D", "38": "@DH", "39": "@EH", "40": "@EH0", "41": "@EH1", "42": "@EH2", "43": "@ER", "44": "@ER0", "45": "@ER1", "46": "@ER2", "47": "@EY", "48": "@EY0", "49": "@EY1", "50": "@EY2", "51": "@F", "52": "@G", "53": "@HH", "54": "@IH", "55": "@IH0", "56": "@IH1", "57": "@IH2", "58": "@IY", "59": "@IY0", "60": "@IY1", "61": "@IY2", "62": "@JH", "63": "@K", "64": "@L", "65": "@M", "66": "@N", "67": "@NG", "68": "@OW", "69": "@OW0", "70": "@OW1", "71": "@OW2", "72": "@OY", "73": "@OY0", "74": "@OY1", "75": "@OY2", "76": "@P", "77": "@R", "78": "@S", "79": "@SH", "80": "@T", "81": "@TH", "82": "@UH", "83": "@UH0", "84": "@UH1", "85": "@UH2", "86": "@UW", "87": "@UW0", "88": "@UW1", "89": "@UW2", "90": "@V", "91": "@W", "92": "@Y", "93": "@Z", "94": "@ZH", "95": "eos"}, "speakers_map": {"ljspeech": 0}, "processor_name": "LJSpeechUltimateProcessor"}