{"symbol_to_id": {"pad": 0, "!": 1, "/": 2, "'": 3, "(": 4, ")": 5, ",": 6, "-": 7, ".": 8, ":": 9, ";": 10, "?": 11, " ": 12, "A": 13, "B": 14, "C": 15, "D": 16, "E": 17, "F": 18, "G": 19, "H": 20, "I": 21, "J": 22, "K": 23, "L": 24, "M": 25, "N": 26, "O": 27, "P": 28, "Q": 29, "R": 30, "S": 31, "T": 32, "U": 33, "V": 34, "W": 35, "X": 36, "Y": 37, "Z": 38, "a": 39, "b": 40, "c": 41, "d": 42, "e": 43, "f": 44, "g": 45, "h": 46, "i": 47, "j": 48, "k": 49, "l": 50, "m": 51, "n": 52, "o": 53, "p": 54, "q": 55, "r": 56, "s": 57, "t": 58, "u": 59, "v": 60, "w": 61, "x": 62, "y": 63, "z": 64, "\u00e9": 65, "\u00e8": 66, "\u00e0": 67, "\u00f9": 68, "\u00e2": 69, "\u00ea": 70, "\u00ee": 71, "\u00f4": 72, "\u00fb": 73, "\u00e7": 74, "\u00e4": 75, "\u00eb": 76, "\u00ef": 77, "\u00f6": 78, "\u00fc": 79, "\u00ff": 80, "\u0153": 81, "\u00e6": 82, "eos": 83}, "id_to_symbol": {"0": "pad", "1": "!", "2": "/", "3": "'", "4": "(", "5": ")", "6": ",", "7": "-", "8": ".", "9": ":", "10": ";", "11": "?", "12": " ", "13": "A", "14": "B", "15": "C", "16": "D", "17": "E", "18": "F", "19": "G", "20": "H", "21": "I", "22": "J", "23": "K", "24": "L", "25": "M", "26": "N", "27": "O", "28": "P", "29": "Q", "30": "R", "31": "S", "32": "T", "33": "U", "34": "V", "35": "W", "36": "X", "37": "Y", "38": "Z", "39": "a", "40": "b", "41": "c", "42": "d", "43": "e", "44": "f", "45": "g", "46": "h", "47": "i", "48": "j", "49": "k", "50": "l", "51": "m", "52": "n", "53": "o", "54": "p", "55": "q", "56": "r", "57": "s", "58": "t", "59": "u", "60": "v", "61": "w", "62": "x", "63": "y", "64": "z", "65": "\u00e9", "66": "\u00e8", "67": "\u00e0", "68": "\u00f9", "69": "\u00e2", "70": "\u00ea", "71": "\u00ee", "72": "\u00f4", "73": "\u00fb", "74": "\u00e7", "75": "\u00e4", "76": "\u00eb", "77": "\u00ef", "78": "\u00f6", "79": "\u00fc", "80": "\u00ff", "81": "\u0153", "82": "\u00e6", "83": "eos"}, "speakers_map": {"synpaflex": 0}, "processor_name": "SynpaflexProcessor"}
